--
-- PostgreSQL database dump
--

-- Dumped from database version 10.12 (Ubuntu 10.12-0ubuntu0.18.04.1)
-- Dumped by pg_dump version 10.12 (Ubuntu 10.12-0ubuntu0.18.04.1)

SET statement_timeout = 0;
SET lock_timeout = 0;
SET idle_in_transaction_session_timeout = 0;
SET client_encoding = 'UTF8';
SET standard_conforming_strings = on;
SELECT pg_catalog.set_config('search_path', '', false);
SET check_function_bodies = false;
SET xmloption = content;
SET client_min_messages = warning;
SET row_security = off;

--
-- Name: plpgsql; Type: EXTENSION; Schema: -; Owner: 
--

CREATE EXTENSION IF NOT EXISTS plpgsql WITH SCHEMA pg_catalog;


--
-- Name: EXTENSION plpgsql; Type: COMMENT; Schema: -; Owner: 
--

COMMENT ON EXTENSION plpgsql IS 'PL/pgSQL procedural language';


SET default_tablespace = '';

SET default_with_oids = false;

--
-- Name: cities; Type: TABLE; Schema: public; Owner: vagrant
--

CREATE TABLE public.cities (
    location_id integer NOT NULL,
    city_name character varying NOT NULL,
    iso2 character varying,
    country character varying NOT NULL,
    lat double precision NOT NULL,
    lon double precision NOT NULL,
    pop integer,
    continent_id integer
);


ALTER TABLE public.cities OWNER TO vagrant;

--
-- Name: cities_location_id_seq; Type: SEQUENCE; Schema: public; Owner: vagrant
--

CREATE SEQUENCE public.cities_location_id_seq
    AS integer
    START WITH 1
    INCREMENT BY 1
    NO MINVALUE
    NO MAXVALUE
    CACHE 1;


ALTER TABLE public.cities_location_id_seq OWNER TO vagrant;

--
-- Name: cities_location_id_seq; Type: SEQUENCE OWNED BY; Schema: public; Owner: vagrant
--

ALTER SEQUENCE public.cities_location_id_seq OWNED BY public.cities.location_id;


--
-- Name: climates; Type: TABLE; Schema: public; Owner: vagrant
--

CREATE TABLE public.climates (
    climate_id integer NOT NULL,
    month integer,
    tavg double precision,
    tmin double precision,
    tmax double precision,
    prcp integer,
    pres double precision,
    tsun integer,
    location_id integer,
    continent_id integer
);


ALTER TABLE public.climates OWNER TO vagrant;

--
-- Name: climates_climate_id_seq; Type: SEQUENCE; Schema: public; Owner: vagrant
--

CREATE SEQUENCE public.climates_climate_id_seq
    AS integer
    START WITH 1
    INCREMENT BY 1
    NO MINVALUE
    NO MAXVALUE
    CACHE 1;


ALTER TABLE public.climates_climate_id_seq OWNER TO vagrant;

--
-- Name: climates_climate_id_seq; Type: SEQUENCE OWNED BY; Schema: public; Owner: vagrant
--

ALTER SEQUENCE public.climates_climate_id_seq OWNED BY public.climates.climate_id;


--
-- Name: continents; Type: TABLE; Schema: public; Owner: vagrant
--

CREATE TABLE public.continents (
    continent_id integer NOT NULL,
    continent_name character varying NOT NULL,
    continent_code character varying NOT NULL
);


ALTER TABLE public.continents OWNER TO vagrant;

--
-- Name: continents_continent_id_seq; Type: SEQUENCE; Schema: public; Owner: vagrant
--

CREATE SEQUENCE public.continents_continent_id_seq
    AS integer
    START WITH 1
    INCREMENT BY 1
    NO MINVALUE
    NO MAXVALUE
    CACHE 1;


ALTER TABLE public.continents_continent_id_seq OWNER TO vagrant;

--
-- Name: continents_continent_id_seq; Type: SEQUENCE OWNED BY; Schema: public; Owner: vagrant
--

ALTER SEQUENCE public.continents_continent_id_seq OWNED BY public.continents.continent_id;


--
-- Name: cities location_id; Type: DEFAULT; Schema: public; Owner: vagrant
--

ALTER TABLE ONLY public.cities ALTER COLUMN location_id SET DEFAULT nextval('public.cities_location_id_seq'::regclass);


--
-- Name: climates climate_id; Type: DEFAULT; Schema: public; Owner: vagrant
--

ALTER TABLE ONLY public.climates ALTER COLUMN climate_id SET DEFAULT nextval('public.climates_climate_id_seq'::regclass);


--
-- Name: continents continent_id; Type: DEFAULT; Schema: public; Owner: vagrant
--

ALTER TABLE ONLY public.continents ALTER COLUMN continent_id SET DEFAULT nextval('public.continents_continent_id_seq'::regclass);


--
-- Data for Name: cities; Type: TABLE DATA; Schema: public; Owner: vagrant
--

COPY public.cities (location_id, city_name, iso2, country, lat, lon, pop, continent_id) FROM stdin;
1	Tokyo	JP	Japan	35.689700000000002	139.692200000000014	37977000	5
2	Jakarta	ID	Indonesia	-6.2145999999999999	106.845100000000002	34540000	5
3	Delhi	IN	India	28.6600000000000001	77.230000000000004	29617000	5
4	Mumbai	IN	India	18.9666999999999994	72.8332999999999942	23355000	5
5	Manila	PH	Philippines	14.5958000000000006	120.977199999999996	23088000	5
6	Shanghai	CN	China	31.1666999999999987	121.466700000000003	22120000	5
7	Sao Paulo	BR	Brazil	-23.5503999999999998	-46.633899999999997	22046000	7
8	Seoul	KR	Korea, South	37.5833000000000013	127	21794000	5
9	Mexico City	MX	Mexico	19.4332999999999991	-99.1333000000000055	20996000	2
10	Guangzhou	CN	China	23.1287999999999982	113.259	20902000	5
11	Beijing	CN	China	39.9050000000000011	116.391400000000004	19433000	5
12	Cairo	EG	Egypt	30.0561000000000007	31.2393999999999998	19372000	1
13	New York	US	United States	40.6942999999999984	-73.9248999999999938	18713220	2
14	Xinyi	CN	China	22.3558999999999983	110.936899999999994	913708	5
15	Lichuan	CN	China	30.2965000000000018	108.937799999999996	913700	5
16	Daye	CN	China	30.1003000000000007	114.969899999999996	909724	5
17	Fort Worth	US	United States	32.7811000000000021	-97.3473000000000042	909585	2
18	Zhuanghe	CN	China	39.6895999999999987	122.966399999999993	905852	5
19	Hartford	US	United States	41.7661000000000016	-72.683400000000006	905152	2
20	Ad Dammam	SA	Saudi Arabia	26.4332999999999991	50.1000000000000014	903312	5
21	Bucheon	KR	Korea, South	37.498899999999999	126.783100000000005	867678	5
22	Lhasa	CN	China	29.6499999999999986	91.0999999999999943	902500	5
23	Homs	SY	Syria	34.7332999999999998	36.716700000000003	900492	5
24	Jiaozhou	CN	China	36.2481000000000009	119.962500000000006	900500	5
25	Merida	MX	Mexico	20.9699999999999989	-89.6200000000000045	892363	2
26	Dengtalu	CN	China	36.0799999999999983	114.349999999999994	887000	5
27	Zaria	NG	Nigeria	11.0667000000000009	7.70000000000000018	889000	1
28	Hubli	IN	India	15.3599999999999994	75.125	890000	5
29	Abeokuta	NG	Nigeria	7.15000000000000036	3.35000000000000009	888924	1
30	Tucson	US	United States	32.1544999999999987	-110.878200000000007	888486	2
31	Krasnodar	RU	Russia	45.033299999999997	38.9832999999999998	881476	5
32	Natal	BR	Brazil	-5.79499999999999993	-35.2088999999999999	877662	7
33	Novo Hamburgo	BR	Brazil	-29.7095999999999982	-51.1400000000000006	876990	7
34	Chihuahua	MX	Mexico	28.6353000000000009	-106.088899999999995	878062	2
35	Klang	MY	Malaysia	3.03330000000000011	101.450000000000003	878000	5
36	Turin	IT	Italy	45.0666999999999973	7.70000000000000018	870952	6
37	Jos	NG	Nigeria	9.93329999999999913	8.8833000000000002	873943	1
38	Laiyang	CN	China	36.9757999999999996	120.7136	874127	5
39	Jalandhar	IN	India	31.3256000000000014	75.5792000000000002	873725	5
40	Campo Grande	BR	Brazil	-20.4685999999999986	-54.6221999999999994	874210	7
41	Sale	MA	Morocco	34.0499999999999972	-6.81669999999999998	850403	1
42	Barinas	VE	Venezuela	8.6333000000000002	-70.216700000000003	873962	7
43	Marseille	FR	France	43.2963999999999984	5.37000000000000011	870018	6
44	Kaifeng Chengguanzhen	CN	China	34.8500000000000014	114.349999999999994	872000	5
45	Eskisehir	TR	Turkey	39.7766999999999982	30.5206000000000017	871187	5
\.


--
-- Data for Name: climates; Type: TABLE DATA; Schema: public; Owner: vagrant
--

COPY public.climates (climate_id, month, tavg, tmin, tmax, prcp, pres, tsun, location_id, continent_id) FROM stdin;
1	1	4.79999999999999982	0.200000000000000011	9.40000000000000036	47	\N	\N	1	5
2	2	5.40000000000000036	1	9.80000000000000071	60	\N	\N	1	5
3	3	8.40000000000000036	3.79999999999999982	13	99	\N	\N	1	5
4	4	13.8000000000000007	9.19999999999999929	18.3000000000000007	120	\N	\N	1	5
5	5	18.3999999999999986	14.0999999999999996	22.6000000000000014	142	\N	\N	1	5
6	6	21.6000000000000014	18.1000000000000014	25	189	\N	\N	1	5
7	7	25.5	22.1000000000000014	28.8000000000000007	139	\N	\N	1	5
8	8	27.1000000000000014	23.5	30.6000000000000014	155	\N	\N	1	5
9	9	23	19.6000000000000014	26.3000000000000007	190	\N	\N	1	5
10	10	17.1999999999999993	13.5	20.8999999999999986	173	\N	\N	1	5
11	11	12.0999999999999996	8	16.1999999999999993	87	\N	\N	1	5
12	12	7.40000000000000036	3	11.8000000000000007	49	\N	\N	1	5
13	1	26.5	22.8999999999999986	30.1000000000000014	384	\N	\N	2	5
14	2	26.6000000000000014	22.8999999999999986	30.3000000000000007	282	\N	\N	2	5
15	3	27.1000000000000014	23	31.1000000000000014	222	\N	\N	2	5
16	4	27.6999999999999993	23.3000000000000007	32.1000000000000014	154	\N	\N	2	5
17	5	27.8000000000000007	23.1999999999999993	32.2999999999999972	137	\N	\N	2	5
18	6	27.3999999999999986	22.5	32.2999999999999972	87	\N	\N	2	5
19	7	27.1000000000000014	22	32.2000000000000028	63	\N	\N	2	5
20	8	27.3999999999999986	22.1000000000000014	32.6000000000000014	67	\N	\N	2	5
21	9	27.6999999999999993	22.3999999999999986	33	73	\N	\N	2	5
22	10	28	22.8999999999999986	33.1000000000000014	115	\N	\N	2	5
23	11	27.6999999999999993	23.1000000000000014	32.2999999999999972	149	\N	\N	2	5
24	12	27.1999999999999993	23	31.3000000000000007	209	\N	\N	2	5
25	1	14.3000000000000007	7.29999999999999982	21.1999999999999993	15	\N	\N	3	5
26	2	17	10.0999999999999996	23.8000000000000007	11	\N	\N	3	5
27	3	22.6999999999999993	15.0999999999999996	30.3000000000000007	15	\N	\N	3	5
28	4	28.5	20.6999999999999993	36.2000000000000028	3	\N	\N	3	5
29	5	33.3999999999999986	26.1999999999999993	40.5	12	\N	\N	3	5
30	6	34.2000000000000028	28.5	39.8999999999999986	44	\N	\N	3	5
31	7	31.1999999999999993	27.1000000000000014	35.2000000000000028	214	\N	\N	3	5
32	8	29.8000000000000007	26	33.5	268	\N	\N	3	5
33	9	29.3000000000000007	24.5	34	115	\N	\N	3	5
34	10	25.8000000000000007	18.6000000000000014	32.8999999999999986	27	\N	\N	3	5
35	11	20.1999999999999993	11.6999999999999993	28.6000000000000014	4	\N	\N	3	5
36	12	15.6999999999999993	8	23.3999999999999986	7	\N	\N	3	5
37	1	23.6999999999999993	18.8999999999999986	28.3999999999999986	0	\N	\N	4	5
38	2	24	19.3000000000000007	28.6999999999999993	1	\N	\N	4	5
39	3	26.3000000000000007	22	30.5	0	\N	\N	4	5
40	4	28.1999999999999993	24.3999999999999986	32	0	\N	\N	4	5
41	5	29.6999999999999993	26.6000000000000014	32.7999999999999972	11	\N	\N	4	5
42	6	28.8999999999999986	26.1000000000000014	31.6999999999999993	551	\N	\N	4	5
43	7	27.3000000000000007	25.1000000000000014	29.5	835	\N	\N	4	5
44	8	27	24.5	29.3999999999999986	573	\N	\N	4	5
45	9	27	24.3999999999999986	29.5	347	\N	\N	4	5
46	10	28	24.1999999999999993	31.8000000000000007	66	\N	\N	4	5
47	11	27	22.3000000000000007	31.6999999999999993	6	\N	\N	4	5
48	12	25.1999999999999993	20	30.3000000000000007	1	\N	\N	4	5
49	1	25.6000000000000014	21.5	29.6999999999999993	17	\N	\N	5	5
50	2	26.1000000000000014	21.5	30.6999999999999993	8	\N	\N	5	5
51	3	27.5	22.6000000000000014	32.2999999999999972	13	\N	\N	5	5
52	4	28.8999999999999986	24	33.7000000000000028	26	\N	\N	5	5
53	5	29.3999999999999986	24.8999999999999986	33.8999999999999986	128	\N	\N	5	5
54	6	28.3999999999999986	24.6000000000000014	32.1000000000000014	282	\N	\N	5	5
55	7	27.6000000000000014	24.1000000000000014	31	417	\N	\N	5	5
56	8	27.3000000000000007	24.1000000000000014	30.5	450	\N	\N	5	5
57	9	27.3000000000000007	23.8999999999999986	30.6000000000000014	350	\N	\N	5	5
58	10	27.3000000000000007	23.6000000000000014	30.8999999999999986	195	\N	\N	5	5
59	11	26.8000000000000007	23.1000000000000014	30.5	137	\N	\N	5	5
60	12	26	22.1999999999999993	29.8000000000000007	64	\N	\N	5	5
61	1	4.40000000000000036	0.800000000000000044	7.90000000000000036	44	\N	\N	6	5
62	2	5.09999999999999964	1.60000000000000009	8.5	57	\N	\N	6	5
63	3	8.90000000000000036	5.20000000000000018	12.5	74	\N	\N	6	5
64	4	14.5	10.5999999999999996	18.3999999999999986	87	\N	\N	6	5
65	5	19.5	15.6999999999999993	23.3000000000000007	93	\N	\N	6	5
66	6	23.6999999999999993	20.3000000000000007	27.1000000000000014	168	\N	\N	6	5
67	7	28.1000000000000014	24.6000000000000014	31.5	136	\N	\N	6	5
68	8	28.1000000000000014	24.6000000000000014	31.5	134	\N	\N	6	5
69	9	24	20.6000000000000014	27.3999999999999986	133	\N	\N	6	5
70	10	18.8000000000000007	15	22.5	53	\N	\N	6	5
71	11	12.9000000000000004	8.90000000000000036	16.8000000000000007	48	\N	\N	6	5
72	12	6.90000000000000036	2.79999999999999982	10.9000000000000004	40	\N	\N	6	5
73	1	21.3999999999999986	16.6999999999999993	26.1000000000000014	221	\N	\N	7	7
74	2	21.3999999999999986	16.8000000000000007	26	205	\N	\N	7	7
75	3	20.5	15.9000000000000004	25	149	\N	\N	7	7
76	4	18.6000000000000014	13.8000000000000007	23.3000000000000007	64	\N	\N	7	7
77	5	16.5	11.5999999999999996	21.3999999999999986	56	\N	\N	7	7
78	6	15.5999999999999996	10.3000000000000007	20.8000000000000007	48	\N	\N	7	7
79	7	15.1999999999999993	9.80000000000000071	20.6000000000000014	35	\N	\N	7	7
80	8	16.1999999999999993	10.6999999999999993	21.6000000000000014	43	\N	\N	7	7
81	9	17.3999999999999986	12.1999999999999993	22.6000000000000014	71	\N	\N	7	7
82	10	18.5	13.5999999999999996	23.3000000000000007	126	\N	\N	7	7
83	11	19.6999999999999993	15	24.3999999999999986	136	\N	\N	7	7
84	12	20.1999999999999993	15.5	24.8000000000000007	191	\N	\N	7	7
85	1	-3.79999999999999982	-8	0.5	21	\N	\N	8	5
86	2	-0.900000000000000022	-5.20000000000000018	3.5	26	\N	\N	8	5
87	3	4.70000000000000018	-0.100000000000000006	9.40000000000000036	49	\N	\N	8	5
88	4	11.6999999999999993	6.09999999999999964	17.1999999999999993	95	\N	\N	8	5
89	5	17.3999999999999986	11.9000000000000004	22.8000000000000007	84	\N	\N	8	5
90	6	21.8000000000000007	17.1000000000000014	26.3999999999999986	152	\N	\N	8	5
91	7	25.1000000000000014	21.5	28.6000000000000014	385	\N	\N	8	5
92	8	25.8000000000000007	21.8999999999999986	29.6999999999999993	285	\N	\N	8	5
93	9	20.5	15.6999999999999993	25.3000000000000007	160	\N	\N	8	5
94	10	13.8000000000000007	8.09999999999999964	19.3999999999999986	52	\N	\N	8	5
95	11	6.40000000000000036	1.80000000000000004	11	46	\N	\N	8	5
96	12	-0.5	-4.29999999999999982	3.39999999999999991	26	\N	\N	8	5
97	1	12.5999999999999996	2.89999999999999991	22.1999999999999993	9	\N	\N	9	2
98	2	13.9000000000000004	3.79999999999999982	24	7	\N	\N	9	2
99	3	16.3000000000000007	6.09999999999999964	26.3999999999999986	11	\N	\N	9	2
100	4	17.5	7.90000000000000036	27.1000000000000014	23	\N	\N	9	2
101	5	18.3000000000000007	9.40000000000000036	27.1999999999999993	54	\N	\N	9	2
102	6	18.3999999999999986	11.0999999999999996	25.6999999999999993	114	\N	\N	9	2
103	7	17.5	10.6999999999999993	24.3000000000000007	129	\N	\N	9	2
104	8	17.5	10.4000000000000004	24.6000000000000014	123	\N	\N	9	2
105	9	17	10.5	23.5	107	\N	\N	9	2
106	10	15.8000000000000007	8.09999999999999964	23.3999999999999986	52	\N	\N	9	2
107	11	14.0999999999999996	5.29999999999999982	22.8999999999999986	8	\N	\N	9	2
108	12	12.6999999999999993	3.5	21.8000000000000007	7	\N	\N	9	2
109	1	13.9000000000000004	9.30000000000000071	18.3999999999999986	36	\N	\N	10	5
110	2	14.5	10.6999999999999993	18.3000000000000007	67	\N	\N	10	5
111	3	17.6999999999999993	14.1999999999999993	21.1999999999999993	99	\N	\N	10	5
112	4	22	18.6000000000000014	25.3000000000000007	182	\N	\N	10	5
113	5	26	22.3999999999999986	29.5	272	\N	\N	10	5
114	6	27.8000000000000007	24.3000000000000007	31.1999999999999993	289	\N	\N	10	5
115	7	28.8999999999999986	24.8999999999999986	32.7999999999999972	245	\N	\N	10	5
116	8	28.8000000000000007	24.8999999999999986	32.7000000000000028	241	\N	\N	10	5
117	9	27.6000000000000014	23.3000000000000007	31.8000000000000007	160	\N	\N	10	5
118	10	24.3999999999999986	19.6999999999999993	29	62	\N	\N	10	5
119	11	20	15.0999999999999996	24.8999999999999986	45	\N	\N	10	5
120	12	15.8000000000000007	10.9000000000000004	20.6000000000000014	32	\N	\N	10	5
121	1	-4	-9.30000000000000071	1.39999999999999991	4	\N	\N	11	5
122	2	-1.39999999999999991	-6.70000000000000018	4	5	\N	\N	11	5
123	3	5.40000000000000036	-0.5	11.1999999999999993	9	\N	\N	11	5
124	4	13.5999999999999996	7.20000000000000018	20	21	\N	\N	11	5
125	5	20	13.3000000000000007	26.6000000000000014	32	\N	\N	11	5
126	6	24.3000000000000007	18.1999999999999993	30.3999999999999986	75	\N	\N	11	5
127	7	26.1999999999999993	21.5	30.8999999999999986	195	\N	\N	11	5
128	8	25	20.3000000000000007	29.6000000000000014	192	\N	\N	11	5
129	9	20	14.0999999999999996	25.8000000000000007	51	\N	\N	11	5
130	10	13.0999999999999996	7.20000000000000018	18.8999999999999986	16	\N	\N	11	5
131	11	4.79999999999999982	-0.400000000000000022	9.90000000000000036	7	\N	\N	11	5
132	12	-1.80000000000000004	-6.70000000000000018	3.10000000000000009	3	\N	\N	11	5
133	1	13.1999999999999993	6.90000000000000036	19.3999999999999986	5	\N	\N	12	1
134	2	14.0999999999999996	7.29999999999999982	20.8999999999999986	3	\N	\N	12	1
135	3	17.3000000000000007	10.3000000000000007	24.1999999999999993	3	\N	\N	12	1
136	4	20.5	12.6999999999999993	28.3000000000000007	1	\N	\N	12	1
137	5	24	16	31.8999999999999986	0	\N	\N	12	1
138	6	27	19.1999999999999993	34.7000000000000028	0	\N	\N	12	1
139	7	27.5	20.5	34.3999999999999986	0	\N	\N	12	1
140	8	27.5	20.6999999999999993	34.2999999999999972	0	\N	\N	12	1
141	9	25.6999999999999993	18.8999999999999986	32.3999999999999986	0	\N	\N	12	1
142	10	23.3999999999999986	16.6000000000000014	30.1000000000000014	0	\N	\N	12	1
143	11	19.1999999999999993	13	25.3999999999999986	3	\N	\N	12	1
144	12	15	8.90000000000000036	21.1000000000000014	4	\N	\N	12	1
145	1	-0.400000000000000022	-4	3.20000000000000018	85	\N	\N	13	2
146	2	0.699999999999999956	-3.20000000000000018	4.5	78	\N	\N	13	2
147	3	4.90000000000000036	0.800000000000000044	9	96	\N	\N	13	2
148	4	10.5999999999999996	5.90000000000000036	15.1999999999999993	103	\N	\N	13	2
149	5	16.3000000000000007	11.5	21	106	\N	\N	13	2
150	6	21.3999999999999986	16.8000000000000007	26	90	\N	\N	13	2
151	7	24.5	20	28.8999999999999986	105	\N	\N	13	2
152	8	23.8000000000000007	19.3999999999999986	28.1999999999999993	101	\N	\N	13	2
153	9	19.6999999999999993	15.1999999999999993	24.1000000000000014	91	\N	\N	13	2
154	10	13.5999999999999996	9.09999999999999964	18.1000000000000014	83	\N	\N	13	2
155	11	8.09999999999999964	4.20000000000000018	11.9000000000000004	102	\N	\N	13	2
156	12	2.39999999999999991	-1	5.79999999999999982	92	\N	\N	13	2
157	1	15.3000000000000007	10.4000000000000004	20.1000000000000014	38	\N	\N	14	5
158	2	16.1999999999999993	12	20.3000000000000007	63	\N	\N	14	5
159	3	19.8000000000000007	15.5999999999999996	23.8999999999999986	70	\N	\N	14	5
160	4	23.5	19.5	27.3999999999999986	205	\N	\N	14	5
161	5	26.6999999999999993	22.6999999999999993	30.6000000000000014	299	\N	\N	14	5
162	6	28	24.1000000000000014	31.8000000000000007	312	\N	\N	14	5
163	7	28.8999999999999986	24.8000000000000007	32.8999999999999986	217	\N	\N	14	5
164	8	28.6000000000000014	24.5	32.6000000000000014	277	\N	\N	14	5
165	9	27.5	23.3000000000000007	31.6999999999999993	151	\N	\N	14	5
166	10	24.6000000000000014	20	29.1999999999999993	66	\N	\N	14	5
167	11	20.6999999999999993	15.6999999999999993	25.6000000000000014	36	\N	\N	14	5
168	12	17.1000000000000014	11.9000000000000004	22.3000000000000007	23	\N	\N	14	5
169	1	2.39999999999999991	-0.599999999999999978	5.29999999999999982	25	\N	\N	15	5
170	2	3.60000000000000009	0.599999999999999978	6.59999999999999964	28	\N	\N	15	5
171	3	8.19999999999999929	4.59999999999999964	11.6999999999999993	68	\N	\N	15	5
172	4	13.3000000000000007	9.19999999999999929	17.3999999999999986	149	\N	\N	15	5
173	5	17.1000000000000014	13.3000000000000007	20.8999999999999986	197	\N	\N	15	5
174	6	20.3999999999999986	16.5	24.1999999999999993	188	\N	\N	15	5
175	7	23.3999999999999986	19.3000000000000007	27.3999999999999986	229	\N	\N	15	5
176	8	23.1999999999999993	18.6999999999999993	27.6999999999999993	177	\N	\N	15	5
177	9	18.8999999999999986	15.0999999999999996	22.6999999999999993	194	\N	\N	15	5
178	10	13.8000000000000007	10.4000000000000004	17.1999999999999993	125	\N	\N	15	5
179	11	8.90000000000000036	5.70000000000000018	12	67	\N	\N	15	5
180	12	4.29999999999999982	1.30000000000000004	7.20000000000000018	30	\N	\N	15	5
181	1	4.40000000000000036	0.599999999999999978	8.09999999999999964	48	\N	\N	16	5
182	2	6.09999999999999964	2.29999999999999982	9.90000000000000036	71	\N	\N	16	5
183	3	10.6999999999999993	6.70000000000000018	14.6999999999999993	120	\N	\N	16	5
184	4	16.8999999999999986	12.5	21.1999999999999993	165	\N	\N	16	5
185	5	22	17.5	26.3999999999999986	198	\N	\N	16	5
186	6	25.8000000000000007	21.6000000000000014	30	246	\N	\N	16	5
187	7	29.3999999999999986	25.1000000000000014	33.7000000000000028	154	\N	\N	16	5
188	8	29	24.5	33.3999999999999986	133	\N	\N	16	5
189	9	24.3000000000000007	19.8999999999999986	28.6000000000000014	87	\N	\N	16	5
190	10	18.6000000000000014	14.3000000000000007	22.8999999999999986	74	\N	\N	16	5
191	11	12.4000000000000004	7.90000000000000036	16.8999999999999986	61	\N	\N	16	5
192	12	6.59999999999999964	2.29999999999999982	10.9000000000000004	37	\N	\N	16	5
193	1	6.70000000000000018	0.5	12.8000000000000007	44	\N	\N	17	2
194	2	9.19999999999999929	2.79999999999999982	15.5	53	\N	\N	17	2
195	3	13.4000000000000004	6.90000000000000036	19.8999999999999986	66	\N	\N	17	2
196	4	18.6999999999999993	12.5	24.8000000000000007	91	\N	\N	17	2
197	5	22.8000000000000007	17	28.5	116	\N	\N	17	2
198	6	27	21.1000000000000014	32.7999999999999972	81	\N	\N	17	2
199	7	29.3999999999999986	23.3000000000000007	35.5	55	\N	\N	17	2
200	8	29.3000000000000007	22.8999999999999986	35.6000000000000014	53	\N	\N	17	2
201	9	25.3000000000000007	19.1999999999999993	31.3000000000000007	93	\N	\N	17	2
202	10	19.5	13	26	78	\N	\N	17	2
203	11	13.0999999999999996	6.79999999999999982	19.3000000000000007	52	\N	\N	17	2
204	12	8.40000000000000036	2.29999999999999982	14.5	47	\N	\N	17	2
205	1	-7.20000000000000018	-11.4000000000000004	-3	11	\N	\N	18	5
206	2	-4.70000000000000018	-8.90000000000000036	-0.400000000000000022	10	\N	\N	18	5
207	3	1.89999999999999991	-2.20000000000000018	6	15	\N	\N	18	5
208	4	9.5	4.90000000000000036	14.0999999999999996	37	\N	\N	18	5
209	5	15.9000000000000004	11.3000000000000007	20.5	50	\N	\N	18	5
210	6	20.3999999999999986	16.5	24.3000000000000007	77	\N	\N	18	5
211	7	23.8000000000000007	20.5	27	197	\N	\N	18	5
212	8	24	20.3999999999999986	27.6000000000000014	173	\N	\N	18	5
213	9	18.8999999999999986	14.5	23.1999999999999993	80	\N	\N	18	5
214	10	12.0999999999999996	7.5	16.6000000000000014	45	\N	\N	18	5
215	11	3.60000000000000009	-0.5	7.70000000000000018	26	\N	\N	18	5
216	12	-4	-8	0	14	\N	\N	18	5
217	1	-3.29999999999999982	-8.30000000000000071	1.69999999999999996	88	\N	\N	19	2
218	2	-2.10000000000000009	-7.29999999999999982	3.10000000000000009	81	\N	\N	19	2
219	3	2.89999999999999991	-2.39999999999999991	8.09999999999999964	96	\N	\N	19	2
220	4	8.90000000000000036	2.60000000000000009	15.0999999999999996	104	\N	\N	19	2
221	5	14.5999999999999996	8	21.1999999999999993	103	\N	\N	19	2
222	6	19.8000000000000007	13.3000000000000007	26.3000000000000007	98	\N	\N	19	2
223	7	22.6999999999999993	16.3000000000000007	29	94	\N	\N	19	2
224	8	21.5	15.3000000000000007	27.6999999999999993	96	\N	\N	19	2
225	9	17.1999999999999993	10.8000000000000007	23.6000000000000014	98	\N	\N	19	2
226	10	11.4000000000000004	4.90000000000000036	17.8000000000000007	95	\N	\N	19	2
227	11	5.70000000000000018	0.400000000000000022	10.9000000000000004	105	\N	\N	19	2
228	12	-0.800000000000000044	-5.5	3.89999999999999991	99	\N	\N	19	2
229	1	15.8000000000000007	11.5999999999999996	19.8999999999999986	17	\N	\N	20	5
230	2	17.1000000000000014	12.3000000000000007	21.8999999999999986	18	\N	\N	20	5
231	3	20.6999999999999993	15.3000000000000007	26	17	\N	\N	20	5
232	4	25.6000000000000014	20.3000000000000007	30.8999999999999986	8	\N	\N	20	5
233	5	30.5	25.3000000000000007	35.6000000000000014	0	\N	\N	20	5
234	6	33.3999999999999986	28.6999999999999993	38.1000000000000014	0	\N	\N	20	5
235	7	35.1000000000000014	30.6999999999999993	39.3999999999999986	0	\N	\N	20	5
236	8	34.3999999999999986	30.1000000000000014	38.7000000000000028	0	\N	\N	20	5
237	9	32.3999999999999986	27.6999999999999993	37.1000000000000014	0	\N	\N	20	5
238	10	27.8999999999999986	23.1000000000000014	32.7000000000000028	0	\N	\N	20	5
239	11	22.5	17.8000000000000007	27.1000000000000014	8	\N	\N	20	5
240	12	17.8999999999999986	13.1999999999999993	22.5	9	\N	\N	20	5
241	1	-3.79999999999999982	-7.90000000000000036	0.400000000000000022	21	\N	\N	21	5
242	2	-1.19999999999999996	-5.5	3.20000000000000018	21	\N	\N	21	5
243	3	4.20000000000000018	-0.200000000000000011	8.59999999999999964	39	\N	\N	21	5
244	4	11.0999999999999996	5.90000000000000036	16.1999999999999993	95	\N	\N	21	5
245	5	16.8000000000000007	11.6999999999999993	21.8999999999999986	69	\N	\N	21	5
246	6	20.8999999999999986	16.6000000000000014	25.1999999999999993	151	\N	\N	21	5
247	7	24.6999999999999993	21.3000000000000007	28.1000000000000014	341	\N	\N	21	5
248	8	25.5	21.8000000000000007	29.1999999999999993	236	\N	\N	21	5
249	9	20.5	15.8000000000000007	25.1999999999999993	144	\N	\N	21	5
250	10	13.8000000000000007	8.30000000000000071	19.3000000000000007	53	\N	\N	21	5
251	11	6.59999999999999964	2	11.0999999999999996	41	\N	\N	21	5
252	12	-0.5	-4.29999999999999982	3.39999999999999991	28	\N	\N	21	5
253	1	-2	-10.4000000000000004	6.5	0	\N	\N	22	5
254	2	0.900000000000000022	-7.09999999999999964	8.90000000000000036	1	\N	\N	22	5
255	3	4.20000000000000018	-3.5	11.8000000000000007	2	\N	\N	22	5
256	4	7.90000000000000036	0.400000000000000022	15.3000000000000007	7	\N	\N	22	5
257	5	12	4.70000000000000018	19.1999999999999993	24	\N	\N	22	5
258	6	15.8000000000000007	9	22.5	75	\N	\N	22	5
259	7	15.6999999999999993	9.80000000000000071	21.6000000000000014	124	\N	\N	22	5
260	8	14.9000000000000004	9.09999999999999964	20.6000000000000014	130	\N	\N	22	5
261	9	13.1999999999999993	7.09999999999999964	19.3000000000000007	58	\N	\N	22	5
262	10	8.5	0.900000000000000022	16	9	\N	\N	22	5
263	11	2.79999999999999982	-5.59999999999999964	11.0999999999999996	2	\N	\N	22	5
264	12	-1.10000000000000009	-9.5	7.40000000000000036	1	\N	\N	22	5
265	1	6.59999999999999964	2.20000000000000018	10.9000000000000004	93	\N	\N	23	5
266	2	8	3.39999999999999991	12.5999999999999996	73	\N	\N	23	5
267	3	10.6999999999999993	5.09999999999999964	16.1999999999999993	54	\N	\N	23	5
268	4	15.0999999999999996	8.90000000000000036	21.1999999999999993	36	\N	\N	23	5
269	5	19.6000000000000014	12.8000000000000007	26.3999999999999986	16	\N	\N	23	5
270	6	23.1999999999999993	16.6000000000000014	29.8000000000000007	1	\N	\N	23	5
271	7	25.1999999999999993	19	31.3000000000000007	0	\N	\N	23	5
272	8	25.5	19.1000000000000014	31.8000000000000007	0	\N	\N	23	5
273	9	23.3000000000000007	16.1999999999999993	30.3000000000000007	3	\N	\N	23	5
274	10	18.3000000000000007	11.0999999999999996	25.3999999999999986	17	\N	\N	23	5
275	11	13.0999999999999996	7	19.1999999999999993	37	\N	\N	23	5
276	12	8	3.60000000000000009	12.3000000000000007	86	\N	\N	23	5
277	1	-2	-5.79999999999999982	1.80000000000000004	10	\N	\N	24	5
278	2	-0.400000000000000022	-4.20000000000000018	3.5	12	\N	\N	24	5
279	3	4.79999999999999982	0.599999999999999978	9	20	\N	\N	24	5
280	4	11.3000000000000007	6.90000000000000036	15.6999999999999993	37	\N	\N	24	5
281	5	17.1000000000000014	12.5999999999999996	21.6000000000000014	48	\N	\N	24	5
282	6	21.5	17.6000000000000014	25.3000000000000007	87	\N	\N	24	5
283	7	24.8000000000000007	21.8000000000000007	27.8000000000000007	190	\N	\N	24	5
284	8	25.5	22.1999999999999993	28.8000000000000007	155	\N	\N	24	5
285	9	21.1000000000000014	17	25.1999999999999993	84	\N	\N	24	5
286	10	15.3000000000000007	10.9000000000000004	19.6000000000000014	43	\N	\N	24	5
287	11	7.90000000000000036	3.60000000000000009	12.0999999999999996	27	\N	\N	24	5
288	12	0.800000000000000044	-2.89999999999999991	4.5	11	\N	\N	24	5
289	1	22.6999999999999993	17.6999999999999993	27.6999999999999993	33	\N	\N	25	2
290	2	23.5	17.8999999999999986	29	27	\N	\N	25	2
291	3	25.6000000000000014	19.6999999999999993	31.5	18	\N	\N	25	2
292	4	27.3000000000000007	21.1999999999999993	33.2999999999999972	22	\N	\N	25	2
293	5	27.8000000000000007	22.1000000000000014	33.3999999999999986	70	\N	\N	25	2
294	6	27.8999999999999986	22.8000000000000007	32.8999999999999986	142	\N	\N	25	2
295	7	27.5	22.5	32.3999999999999986	141	\N	\N	25	2
296	8	27.6000000000000014	22.6000000000000014	32.5	149	\N	\N	25	2
297	9	27.1999999999999993	22.6999999999999993	31.6999999999999993	172	\N	\N	25	2
298	10	25.8000000000000007	21.6000000000000014	30	97	\N	\N	25	2
299	11	24	19.3999999999999986	28.6000000000000014	43	\N	\N	25	2
300	12	22.8999999999999986	18	27.6999999999999993	36	\N	\N	25	2
301	1	-0.599999999999999978	-6	4.79999999999999982	5	\N	\N	26	5
302	2	2.10000000000000009	-3.39999999999999991	7.5	7	\N	\N	26	5
303	3	8.69999999999999929	2.5	14.8000000000000007	13	\N	\N	26	5
304	4	15.9000000000000004	9.09999999999999964	22.6999999999999993	25	\N	\N	26	5
305	5	22	15	28.8999999999999986	38	\N	\N	26	5
306	6	26.8999999999999986	20.1000000000000014	33.7000000000000028	59	\N	\N	26	5
307	7	28.1999999999999993	23	33.2999999999999972	177	\N	\N	26	5
308	8	26.3000000000000007	21.3999999999999986	31.1999999999999993	133	\N	\N	26	5
309	9	21.8999999999999986	15.8000000000000007	27.8999999999999986	54	\N	\N	26	5
310	10	16	9.19999999999999929	22.6999999999999993	28	\N	\N	26	5
311	11	7.79999999999999982	2	13.5	16	\N	\N	26	5
312	12	1.89999999999999991	-3.5	7.29999999999999982	8	\N	\N	26	5
313	1	22.6999999999999993	14.3000000000000007	31	0	\N	\N	27	1
314	2	24.6000000000000014	16.1000000000000014	33.1000000000000014	1	\N	\N	27	1
315	3	26.8999999999999986	18.8999999999999986	34.8999999999999986	7	\N	\N	27	1
316	4	28.6000000000000014	21.6999999999999993	35.3999999999999986	43	\N	\N	27	1
317	5	27.6999999999999993	23.1999999999999993	32.2000000000000028	110	\N	\N	27	1
318	6	25.3000000000000007	20.1000000000000014	30.5	152	\N	\N	27	1
319	7	23.8000000000000007	19.3999999999999986	28.1000000000000014	223	\N	\N	27	1
320	8	23.3000000000000007	19.1999999999999993	27.3000000000000007	274	\N	\N	27	1
321	9	24	19	29	214	\N	\N	27	1
322	10	24.8999999999999986	18.1000000000000014	31.6999999999999993	43	\N	\N	27	1
323	11	24	15.6999999999999993	32.2000000000000028	2	\N	\N	27	1
324	12	22.6000000000000014	14	31.1999999999999993	0	\N	\N	27	1
325	1	23	16	30	0	\N	\N	28	5
326	2	24.8000000000000007	17.3999999999999986	32.1000000000000014	2	\N	\N	28	5
327	3	27.3000000000000007	19.8999999999999986	34.7000000000000028	6	\N	\N	28	5
328	4	28.6999999999999993	21.6999999999999993	35.7000000000000028	47	\N	\N	28	5
329	5	28.3999999999999986	22.1999999999999993	34.5	87	\N	\N	28	5
330	6	25.3999999999999986	21.5	29.1999999999999993	93	\N	\N	28	5
331	7	23.8999999999999986	20.8999999999999986	26.8999999999999986	139	\N	\N	28	5
332	8	23.8999999999999986	20.6999999999999993	27.1000000000000014	92	\N	\N	28	5
333	9	24.3000000000000007	20.1999999999999993	28.3000000000000007	113	\N	\N	28	5
334	10	24.8999999999999986	19.8999999999999986	29.8999999999999986	127	\N	\N	28	5
335	11	23.8000000000000007	18.1000000000000014	29.3999999999999986	40	\N	\N	28	5
336	12	22.6000000000000014	16.1999999999999993	29	8	\N	\N	28	5
337	1	27.6999999999999993	22	33.2999999999999972	13	\N	\N	29	1
338	2	28.6999999999999993	23.3000000000000007	34.1000000000000014	29	\N	\N	29	1
339	3	29.1000000000000014	24.1000000000000014	34	92	\N	\N	29	1
340	4	28.5	23.6999999999999993	33.2000000000000028	139	\N	\N	29	1
341	5	27.6999999999999993	23.3000000000000007	32	160	\N	\N	29	1
342	6	26.3999999999999986	22.3999999999999986	30.3000000000000007	200	\N	\N	29	1
343	7	25.5	22.1000000000000014	28.8000000000000007	171	\N	\N	29	1
344	8	25.1000000000000014	21.8000000000000007	28.3999999999999986	84	\N	\N	29	1
345	9	25.8999999999999986	22.3000000000000007	29.3999999999999986	152	\N	\N	29	1
346	10	26.5	22.3999999999999986	30.6000000000000014	147	\N	\N	29	1
347	11	27.6000000000000014	22.6999999999999993	32.5	46	\N	\N	29	1
348	12	27.5	22.1000000000000014	32.8999999999999986	13	\N	\N	29	1
349	1	11	3.70000000000000018	18.3000000000000007	24	\N	\N	30	2
350	2	12.5	4.79999999999999982	20.1999999999999993	19	\N	\N	30	2
351	3	14.6999999999999993	6.70000000000000018	22.6999999999999993	20	\N	\N	30	2
352	4	18.6999999999999993	10.0999999999999996	27.3000000000000007	9	\N	\N	30	2
353	5	23.3000000000000007	14.5999999999999996	32	4	\N	\N	30	2
354	6	28.5	19.8999999999999986	37.1000000000000014	6	\N	\N	30	2
355	7	30.1000000000000014	23.1999999999999993	37	63	\N	\N	30	2
356	8	29.1000000000000014	22.3999999999999986	35.7999999999999972	58	\N	\N	30	2
357	9	27	19.6999999999999993	34.2999999999999972	34	\N	\N	30	2
358	10	21.5	13.5999999999999996	29.3999999999999986	24	\N	\N	30	2
359	11	15.1999999999999993	7.5	22.8999999999999986	17	\N	\N	30	2
360	12	11.5	4.20000000000000018	18.6999999999999993	24	\N	\N	30	2
361	1	0	-3.20000000000000018	3.20000000000000018	69	\N	\N	31	5
362	2	0.599999999999999978	-2.70000000000000018	3.89999999999999991	50	\N	\N	31	5
363	3	4.29999999999999982	0.299999999999999989	8.19999999999999929	51	\N	\N	31	5
364	4	11.8000000000000007	7.20000000000000018	16.3999999999999986	53	\N	\N	31	5
365	5	17.1000000000000014	12.4000000000000004	21.6999999999999993	63	\N	\N	31	5
366	6	21	16.3999999999999986	25.5	74	\N	\N	31	5
367	7	23.3999999999999986	18.8000000000000007	28	57	\N	\N	31	5
368	8	22.8999999999999986	18.1999999999999993	27.5	55	\N	\N	31	5
369	9	17.8999999999999986	13.1999999999999993	22.6000000000000014	49	\N	\N	31	5
370	10	11.5999999999999996	7.20000000000000018	15.9000000000000004	50	\N	\N	31	5
371	11	6.79999999999999982	3.39999999999999991	10.1999999999999993	70	\N	\N	31	5
372	12	2.79999999999999982	-0.200000000000000011	5.70000000000000018	84	\N	\N	31	5
373	1	27	22.6999999999999993	31.3000000000000007	59	\N	\N	32	7
374	2	27	22.8000000000000007	31.1999999999999993	93	\N	\N	32	7
375	3	26.8999999999999986	22.6999999999999993	31	199	\N	\N	32	7
376	4	26.3000000000000007	22.1999999999999993	30.3999999999999986	224	\N	\N	32	7
377	5	25.6000000000000014	21.6000000000000014	29.6000000000000014	202	\N	\N	32	7
378	6	24.6999999999999993	20.6999999999999993	28.6000000000000014	232	\N	\N	32	7
379	7	24.1000000000000014	20	28.1000000000000014	200	\N	\N	32	7
380	8	24.1000000000000014	19.6999999999999993	28.5	102	\N	\N	32	7
381	9	25	20.6000000000000014	29.3999999999999986	53	\N	\N	32	7
382	10	25.8999999999999986	21.3999999999999986	30.3000000000000007	18	\N	\N	32	7
383	11	26.3999999999999986	22	30.6999999999999993	18	\N	\N	32	7
384	12	26.8000000000000007	22.3000000000000007	31.1999999999999993	26	\N	\N	32	7
385	1	24.6999999999999993	19.8999999999999986	29.3999999999999986	123	\N	\N	33	7
386	2	24	19.3999999999999986	28.5	123	\N	\N	33	7
387	3	22.1000000000000014	17.6000000000000014	26.5	125	\N	\N	33	7
388	4	19	14.4000000000000004	23.5	108	\N	\N	33	7
389	5	16.3000000000000007	11.9000000000000004	20.6000000000000014	107	\N	\N	33	7
390	6	14.9000000000000004	10.4000000000000004	19.3000000000000007	131	\N	\N	33	7
391	7	15	10.4000000000000004	19.5	123	\N	\N	33	7
392	8	16.3000000000000007	11.5999999999999996	20.8999999999999986	125	\N	\N	33	7
393	9	17.8999999999999986	13.0999999999999996	22.6999999999999993	141	\N	\N	33	7
394	10	20.1000000000000014	15.0999999999999996	25.1000000000000014	123	\N	\N	33	7
395	11	22.1999999999999993	17	27.3999999999999986	105	\N	\N	33	7
396	12	22	17.1999999999999993	26.6999999999999993	116	\N	\N	33	7
397	1	9.40000000000000036	1.10000000000000009	17.6999999999999993	7	\N	\N	34	2
398	2	11.5999999999999996	3	20.1000000000000014	5	\N	\N	34	2
399	3	14.8000000000000007	5.90000000000000036	23.6000000000000014	4	\N	\N	34	2
400	4	19.3000000000000007	10.6999999999999993	27.8999999999999986	8	\N	\N	34	2
401	5	23	14.4000000000000004	31.5	18	\N	\N	34	2
402	6	26.1000000000000014	18.3000000000000007	33.7999999999999972	36	\N	\N	34	2
403	7	25	18.3999999999999986	31.5	93	\N	\N	34	2
404	8	24.1999999999999993	17.5	30.8999999999999986	99	\N	\N	34	2
405	9	22.1000000000000014	15.1999999999999993	29	85	\N	\N	34	2
406	10	18.3999999999999986	10.4000000000000004	26.3999999999999986	24	\N	\N	34	2
407	11	13.4000000000000004	5	21.8000000000000007	8	\N	\N	34	2
408	12	9.80000000000000071	1.5	18	10	\N	\N	34	2
409	1	26.1999999999999993	21.5	30.8999999999999986	179	\N	\N	35	5
410	2	26.6000000000000014	21.6000000000000014	31.5	138	\N	\N	35	5
411	3	27.1000000000000014	22	32.1000000000000014	204	\N	\N	35	5
412	4	27.3000000000000007	22.6000000000000014	31.8999999999999986	219	\N	\N	35	5
413	5	27.3000000000000007	22.8999999999999986	31.6999999999999993	171	\N	\N	35	5
414	6	27.1000000000000014	22.6999999999999993	31.5	106	\N	\N	35	5
415	7	26.8000000000000007	22.3000000000000007	31.3000000000000007	106	\N	\N	35	5
416	8	26.6999999999999993	22.1999999999999993	31.1999999999999993	152	\N	\N	35	5
417	9	26.8000000000000007	22.3999999999999986	31.1000000000000014	179	\N	\N	35	5
418	10	26.8000000000000007	22.3999999999999986	31.1000000000000014	244	\N	\N	35	5
419	11	26.5	22.3000000000000007	30.6999999999999993	264	\N	\N	35	5
420	12	26.3000000000000007	21.8999999999999986	30.6000000000000014	232	\N	\N	35	5
421	1	1.5	-1.69999999999999996	4.59999999999999964	38	\N	\N	36	6
422	2	3.79999999999999982	0.100000000000000006	7.40000000000000036	52	\N	\N	36	6
423	3	8.30000000000000071	3.79999999999999982	12.6999999999999993	70	\N	\N	36	6
424	4	12.5999999999999996	7.40000000000000036	17.6999999999999993	96	\N	\N	36	6
425	5	17.1999999999999993	11.5999999999999996	22.6999999999999993	107	\N	\N	36	6
426	6	20.8000000000000007	15.4000000000000004	26.1000000000000014	89	\N	\N	36	6
427	7	23.6000000000000014	17.8999999999999986	29.1999999999999993	54	\N	\N	36	6
428	8	22.5	17.1999999999999993	27.6999999999999993	70	\N	\N	36	6
429	9	18.8999999999999986	14	23.6999999999999993	67	\N	\N	36	6
430	10	13	8.90000000000000036	17.1000000000000014	86	\N	\N	36	6
431	11	6.90000000000000036	3.70000000000000018	10.0999999999999996	71	\N	\N	36	6
432	12	3	0	5.90000000000000036	41	\N	\N	36	6
433	1	21.3999999999999986	13.9000000000000004	28.8999999999999986	0	\N	\N	37	1
434	2	23	15.5	30.5	1	\N	\N	37	1
435	3	24.8999999999999986	17.8000000000000007	31.8999999999999986	16	\N	\N	37	1
436	4	25.8000000000000007	19.6999999999999993	31.8999999999999986	76	\N	\N	37	1
437	5	24.5	19.1999999999999993	29.8000000000000007	179	\N	\N	37	1
438	6	22.8000000000000007	18	27.6000000000000014	193	\N	\N	37	1
439	7	21.3999999999999986	17.3999999999999986	25.3999999999999986	299	\N	\N	37	1
440	8	21	17.1999999999999993	24.6999999999999993	280	\N	\N	37	1
441	9	22	17.1000000000000014	26.8000000000000007	218	\N	\N	37	1
442	10	23	16.8999999999999986	29	52	\N	\N	37	1
443	11	22.8000000000000007	15.6999999999999993	29.8000000000000007	3	\N	\N	37	1
444	12	21.5	14	28.8999999999999986	2	\N	\N	37	1
445	1	-3.70000000000000018	-7.40000000000000036	0.100000000000000006	9	\N	\N	38	5
446	2	-1.80000000000000004	-5.70000000000000018	2.10000000000000009	9	\N	\N	38	5
447	3	4	-0.400000000000000022	8.30000000000000071	16	\N	\N	38	5
448	4	11	6.29999999999999982	15.6999999999999993	38	\N	\N	38	5
449	5	17.1000000000000014	12.3000000000000007	21.8999999999999986	48	\N	\N	38	5
450	6	21.8000000000000007	17.5	26	75	\N	\N	38	5
451	7	25	21.6999999999999993	28.1999999999999993	202	\N	\N	38	5
452	8	24.8000000000000007	21.3000000000000007	28.1999999999999993	168	\N	\N	38	5
453	9	19.8000000000000007	15.5	24.1000000000000014	81	\N	\N	38	5
454	10	13.5999999999999996	9.09999999999999964	18.1000000000000014	36	\N	\N	38	5
455	11	6.09999999999999964	1.89999999999999991	10.1999999999999993	23	\N	\N	38	5
456	12	-0.800000000000000044	-4.40000000000000036	2.79999999999999982	11	\N	\N	38	5
457	1	12.5999999999999996	5.59999999999999964	19.5	32	\N	\N	39	5
458	2	15.5999999999999996	8.09999999999999964	23.1000000000000014	22	\N	\N	39	5
459	3	20.5	12.8000000000000007	28.1999999999999993	31	\N	\N	39	5
460	4	26.5	18	35	7	\N	\N	39	5
461	5	31.6000000000000014	23.1999999999999993	40	15	\N	\N	39	5
462	6	33.6000000000000014	26.3999999999999986	40.7000000000000028	36	\N	\N	39	5
463	7	30.8000000000000007	26.1000000000000014	35.3999999999999986	233	\N	\N	39	5
464	8	29.6999999999999993	25.3999999999999986	34	200	\N	\N	39	5
465	9	28.8999999999999986	23.3999999999999986	34.3999999999999986	133	\N	\N	39	5
466	10	24.8999999999999986	17.1999999999999993	32.6000000000000014	26	\N	\N	39	5
467	11	18.6999999999999993	9.80000000000000071	27.6000000000000014	6	\N	\N	39	5
468	12	14.1999999999999993	6.20000000000000018	22.1999999999999993	15	\N	\N	39	5
469	1	24.6999999999999993	19.8999999999999986	29.3999999999999986	235	\N	\N	40	7
470	2	24.8000000000000007	19.3000000000000007	30.3000000000000007	178	\N	\N	40	7
471	3	24.1000000000000014	18.3000000000000007	29.8000000000000007	149	\N	\N	40	7
472	4	22.8000000000000007	17.1999999999999993	28.3000000000000007	99	\N	\N	40	7
473	5	21.1000000000000014	15.5999999999999996	26.6000000000000014	103	\N	\N	40	7
474	6	20.5	14.5999999999999996	26.3000000000000007	46	\N	\N	40	7
475	7	21.1999999999999993	14.6999999999999993	27.6000000000000014	39	\N	\N	40	7
476	8	22.3999999999999986	16.3999999999999986	28.3000000000000007	34	\N	\N	40	7
477	9	23.5	18	28.8999999999999986	80	\N	\N	40	7
478	10	24.8000000000000007	19.1000000000000014	30.5	139	\N	\N	40	7
479	11	25	19.8000000000000007	30.1000000000000014	149	\N	\N	40	7
480	12	24.3999999999999986	19	29.8000000000000007	203	\N	\N	40	7
481	1	12.5999999999999996	7.79999999999999982	17.3000000000000007	77	\N	\N	41	1
482	2	13.4000000000000004	8.30000000000000071	18.5	68	\N	\N	41	1
483	3	15	9.69999999999999929	20.3000000000000007	61	\N	\N	41	1
484	4	16.6000000000000014	11.3000000000000007	21.8000000000000007	56	\N	\N	41	1
485	5	18.5	13.5	23.5	21	\N	\N	41	1
486	6	21.1000000000000014	16.3000000000000007	25.8000000000000007	6	\N	\N	41	1
487	7	22.8000000000000007	17.8000000000000007	27.6999999999999993	0	\N	\N	41	1
488	8	23.3999999999999986	18.3999999999999986	28.3000000000000007	1	\N	\N	41	1
489	9	22.3000000000000007	17.1999999999999993	27.3000000000000007	7	\N	\N	41	1
490	10	20	14.6999999999999993	25.3000000000000007	44	\N	\N	41	1
491	11	16.3999999999999986	11.4000000000000004	21.3000000000000007	83	\N	\N	41	1
492	12	13.6999999999999993	8.80000000000000071	18.5	107	\N	\N	41	1
493	1	26.6000000000000014	20.6000000000000014	32.5	16	\N	\N	42	7
494	2	27.1999999999999993	21.1000000000000014	33.2000000000000028	12	\N	\N	42	7
495	3	28.1999999999999993	22.5	33.7999999999999972	28	\N	\N	42	7
496	4	27.3999999999999986	22.3999999999999986	32.3999999999999986	86	\N	\N	42	7
497	5	27.1000000000000014	22.6000000000000014	31.6000000000000014	240	\N	\N	42	7
498	6	26.6000000000000014	22.6000000000000014	30.6000000000000014	261	\N	\N	42	7
499	7	26.1000000000000014	21.6000000000000014	30.5	234	\N	\N	42	7
500	8	26.5	21.8999999999999986	31.1000000000000014	212	\N	\N	42	7
501	9	26.6999999999999993	21.6000000000000014	31.8000000000000007	178	\N	\N	42	7
502	10	26.5	22	30.8999999999999986	194	\N	\N	42	7
503	11	26.6999999999999993	21.8000000000000007	31.6000000000000014	114	\N	\N	42	7
504	12	26.5	21.1000000000000014	31.8000000000000007	29	\N	\N	42	7
505	1	6.29999999999999982	2.29999999999999982	10.3000000000000007	49	\N	\N	43	6
506	2	7.40000000000000036	2.89999999999999991	11.8000000000000007	54	\N	\N	43	6
507	3	10.0999999999999996	5.5	14.5999999999999996	46	\N	\N	43	6
508	4	12.6999999999999993	8	17.3999999999999986	50	\N	\N	43	6
509	5	16.6999999999999993	11.8000000000000007	21.5	41	\N	\N	43	6
510	6	20.5	15.1999999999999993	25.6999999999999993	29	\N	\N	43	6
511	7	23.1999999999999993	17.6999999999999993	28.6000000000000014	13	\N	\N	43	6
512	8	22.6000000000000014	17.3999999999999986	27.8000000000000007	31	\N	\N	43	6
513	9	19.3999999999999986	14.5	24.3000000000000007	62	\N	\N	43	6
514	10	15.1999999999999993	10.6999999999999993	19.6000000000000014	83	\N	\N	43	6
515	11	10.3000000000000007	6.20000000000000018	14.4000000000000004	68	\N	\N	43	6
516	12	7	3.20000000000000018	10.6999999999999993	62	\N	\N	43	6
517	1	-0.599999999999999978	-5.29999999999999982	4.20000000000000018	11	\N	\N	44	5
518	2	2.39999999999999991	-2.60000000000000009	7.40000000000000036	12	\N	\N	44	5
519	3	8.40000000000000036	2.29999999999999982	14.5	15	\N	\N	44	5
520	4	15.0999999999999996	8.80000000000000071	21.3000000000000007	29	\N	\N	44	5
521	5	21.6000000000000014	15.1999999999999993	28	43	\N	\N	44	5
522	6	26.6000000000000014	20.1000000000000014	33	50	\N	\N	44	5
523	7	28.6999999999999993	23.5	33.7999999999999972	199	\N	\N	44	5
524	8	26.5	21.8000000000000007	31.1999999999999993	135	\N	\N	44	5
525	9	22	16.3000000000000007	27.6000000000000014	54	\N	\N	44	5
526	10	15.9000000000000004	9.5	22.1999999999999993	25	\N	\N	44	5
527	11	8.90000000000000036	2.89999999999999991	14.8000000000000007	14	\N	\N	44	5
528	12	3	-1.60000000000000009	7.59999999999999964	11	\N	\N	44	5
529	1	-0.299999999999999989	-3.70000000000000018	3.20000000000000018	44	\N	\N	45	5
530	2	1.30000000000000004	-2.70000000000000018	5.29999999999999982	37	\N	\N	45	5
531	3	5.09999999999999964	-0.200000000000000011	10.3000000000000007	37	\N	\N	45	5
532	4	10.1999999999999993	4.29999999999999982	16.1000000000000014	39	\N	\N	45	5
533	5	14.9000000000000004	8.5	21.3000000000000007	49	\N	\N	45	5
534	6	18.3999999999999986	11.5999999999999996	25.1999999999999993	36	\N	\N	45	5
535	7	21.1000000000000014	14	28.1000000000000014	15	\N	\N	45	5
536	8	21	13.6999999999999993	28.1999999999999993	9	\N	\N	45	5
537	9	17	9.59999999999999964	24.3000000000000007	17	\N	\N	45	5
538	10	12.0999999999999996	5.79999999999999982	18.3999999999999986	30	\N	\N	45	5
539	11	6.90000000000000036	1.80000000000000004	12	34	\N	\N	45	5
540	12	2.29999999999999982	-1	5.5	51	\N	\N	45	5
\.


--
-- Data for Name: continents; Type: TABLE DATA; Schema: public; Owner: vagrant
--

COPY public.continents (continent_id, continent_name, continent_code) FROM stdin;
1	Africa	AF
2	North America	NA
3	Oceania	OC
4	Antarctica	AN
5	Asia	AS
6	Europe	EU
7	South America	SA
\.


--
-- Name: cities_location_id_seq; Type: SEQUENCE SET; Schema: public; Owner: vagrant
--

SELECT pg_catalog.setval('public.cities_location_id_seq', 45, true);


--
-- Name: climates_climate_id_seq; Type: SEQUENCE SET; Schema: public; Owner: vagrant
--

SELECT pg_catalog.setval('public.climates_climate_id_seq', 540, true);


--
-- Name: continents_continent_id_seq; Type: SEQUENCE SET; Schema: public; Owner: vagrant
--

SELECT pg_catalog.setval('public.continents_continent_id_seq', 7, true);


--
-- Name: cities cities_pkey; Type: CONSTRAINT; Schema: public; Owner: vagrant
--

ALTER TABLE ONLY public.cities
    ADD CONSTRAINT cities_pkey PRIMARY KEY (location_id);


--
-- Name: climates climates_pkey; Type: CONSTRAINT; Schema: public; Owner: vagrant
--

ALTER TABLE ONLY public.climates
    ADD CONSTRAINT climates_pkey PRIMARY KEY (climate_id);


--
-- Name: continents continents_pkey; Type: CONSTRAINT; Schema: public; Owner: vagrant
--

ALTER TABLE ONLY public.continents
    ADD CONSTRAINT continents_pkey PRIMARY KEY (continent_id);


--
-- Name: cities cities_continent_id_fkey; Type: FK CONSTRAINT; Schema: public; Owner: vagrant
--

ALTER TABLE ONLY public.cities
    ADD CONSTRAINT cities_continent_id_fkey FOREIGN KEY (continent_id) REFERENCES public.continents(continent_id);


--
-- Name: climates climates_continent_id_fkey; Type: FK CONSTRAINT; Schema: public; Owner: vagrant
--

ALTER TABLE ONLY public.climates
    ADD CONSTRAINT climates_continent_id_fkey FOREIGN KEY (continent_id) REFERENCES public.continents(continent_id);


--
-- Name: climates climates_location_id_fkey; Type: FK CONSTRAINT; Schema: public; Owner: vagrant
--

ALTER TABLE ONLY public.climates
    ADD CONSTRAINT climates_location_id_fkey FOREIGN KEY (location_id) REFERENCES public.cities(location_id);


--
-- PostgreSQL database dump complete
--

